Filename,True_Label,Predicted_Label
cat.4001.jpg,cats,dog
cat.4002.jpg,cats,cat
cat.4003.jpg,cats,cat
cat.4004.jpg,cats,dog
cat.4005.jpg,cats,cat
cat.4006.jpg,cats,cat
cat.4007.jpg,cats,cat
cat.4008.jpg,cats,cat
cat.4009.jpg,cats,dog
cat.4010.jpg,cats,cat
cat.4011.jpg,cats,cat
cat.4012.jpg,cats,cat
cat.4013.jpg,cats,cat
cat.4014.jpg,cats,dog
cat.4015.jpg,cats,cat
cat.4016.jpg,cats,dog
cat.4017.jpg,cats,cat
cat.4018.jpg,cats,cat
cat.4019.jpg,cats,dog
cat.4020.jpg,cats,dog
cat.4021.jpg,cats,dog
cat.4022.jpg,cats,cat
cat.4023.jpg,cats,cat
cat.4024.jpg,cats,cat
cat.4025.jpg,cats,dog
cat.4026.jpg,cats,cat
cat.4027.jpg,cats,cat
cat.4028.jpg,cats,dog
cat.4029.jpg,cats,cat
cat.4030.jpg,cats,cat
cat.4031.jpg,cats,cat
cat.4032.jpg,cats,cat
cat.4033.jpg,cats,cat
cat.4034.jpg,cats,cat
cat.4035.jpg,cats,cat
cat.4036.jpg,cats,cat
cat.4037.jpg,cats,cat
cat.4038.jpg,cats,cat
cat.4039.jpg,cats,cat
cat.4040.jpg,cats,cat
cat.4041.jpg,cats,cat
cat.4042.jpg,cats,dog
cat.4043.jpg,cats,cat
cat.4044.jpg,cats,cat
cat.4045.jpg,cats,cat
cat.4046.jpg,cats,cat
cat.4047.jpg,cats,dog
cat.4048.jpg,cats,cat
cat.4049.jpg,cats,cat
cat.4050.jpg,cats,dog
cat.4051.jpg,cats,cat
cat.4052.jpg,cats,cat
cat.4053.jpg,cats,cat
cat.4054.jpg,cats,cat
cat.4055.jpg,cats,dog
cat.4056.jpg,cats,dog
cat.4057.jpg,cats,cat
cat.4058.jpg,cats,cat
cat.4059.jpg,cats,cat
cat.4060.jpg,cats,cat
cat.4061.jpg,cats,cat
cat.4062.jpg,cats,cat
cat.4063.jpg,cats,cat
cat.4064.jpg,cats,cat
cat.4065.jpg,cats,cat
cat.4066.jpg,cats,dog
cat.4067.jpg,cats,dog
cat.4068.jpg,cats,dog
cat.4069.jpg,cats,cat
cat.4070.jpg,cats,cat
cat.4071.jpg,cats,cat
cat.4072.jpg,cats,cat
cat.4073.jpg,cats,cat
cat.4074.jpg,cats,cat
cat.4075.jpg,cats,cat
cat.4076.jpg,cats,cat
cat.4077.jpg,cats,dog
cat.4078.jpg,cats,cat
cat.4079.jpg,cats,dog
cat.4080.jpg,cats,cat
cat.4081.jpg,cats,cat
cat.4082.jpg,cats,dog
cat.4083.jpg,cats,cat
cat.4084.jpg,cats,cat
cat.4085.jpg,cats,dog
cat.4086.jpg,cats,cat
cat.4087.jpg,cats,cat
cat.4088.jpg,cats,cat
cat.4089.jpg,cats,cat
cat.4090.jpg,cats,dog
cat.4091.jpg,cats,cat
cat.4092.jpg,cats,dog
cat.4093.jpg,cats,cat
cat.4094.jpg,cats,cat
cat.4095.jpg,cats,cat
cat.4096.jpg,cats,cat
cat.4097.jpg,cats,cat
cat.4098.jpg,cats,dog
cat.4099.jpg,cats,cat
cat.4100.jpg,cats,dog
cat.4101.jpg,cats,cat
cat.4102.jpg,cats,cat
cat.4103.jpg,cats,cat
cat.4104.jpg,cats,cat
cat.4105.jpg,cats,cat
cat.4106.jpg,cats,cat
cat.4107.jpg,cats,dog
cat.4108.jpg,cats,cat
cat.4109.jpg,cats,cat
cat.4110.jpg,cats,cat
cat.4111.jpg,cats,dog
cat.4112.jpg,cats,cat
cat.4113.jpg,cats,cat
cat.4114.jpg,cats,cat
cat.4115.jpg,cats,cat
cat.4116.jpg,cats,cat
cat.4117.jpg,cats,cat
cat.4118.jpg,cats,cat
cat.4119.jpg,cats,dog
cat.4120.jpg,cats,cat
cat.4121.jpg,cats,dog
cat.4122.jpg,cats,dog
cat.4123.jpg,cats,cat
cat.4124.jpg,cats,cat
cat.4125.jpg,cats,cat
cat.4126.jpg,cats,cat
cat.4127.jpg,cats,cat
cat.4128.jpg,cats,dog
cat.4129.jpg,cats,cat
cat.4130.jpg,cats,cat
cat.4131.jpg,cats,cat
cat.4132.jpg,cats,dog
cat.4133.jpg,cats,cat
cat.4134.jpg,cats,cat
cat.4135.jpg,cats,cat
cat.4136.jpg,cats,dog
cat.4137.jpg,cats,cat
cat.4138.jpg,cats,dog
cat.4139.jpg,cats,cat
cat.4140.jpg,cats,cat
cat.4141.jpg,cats,cat
cat.4142.jpg,cats,dog
cat.4143.jpg,cats,dog
cat.4144.jpg,cats,cat
cat.4145.jpg,cats,cat
cat.4146.jpg,cats,cat
cat.4147.jpg,cats,cat
cat.4148.jpg,cats,dog
cat.4149.jpg,cats,cat
cat.4150.jpg,cats,cat
cat.4151.jpg,cats,dog
cat.4152.jpg,cats,dog
cat.4153.jpg,cats,cat
cat.4154.jpg,cats,cat
cat.4155.jpg,cats,cat
cat.4156.jpg,cats,cat
cat.4157.jpg,cats,cat
cat.4158.jpg,cats,dog
cat.4159.jpg,cats,cat
cat.4160.jpg,cats,cat
cat.4161.jpg,cats,cat
cat.4162.jpg,cats,dog
cat.4163.jpg,cats,dog
cat.4164.jpg,cats,cat
cat.4165.jpg,cats,dog
cat.4166.jpg,cats,cat
cat.4167.jpg,cats,cat
cat.4168.jpg,cats,dog
cat.4169.jpg,cats,cat
cat.4170.jpg,cats,cat
cat.4171.jpg,cats,dog
cat.4172.jpg,cats,cat
cat.4173.jpg,cats,cat
cat.4174.jpg,cats,dog
cat.4175.jpg,cats,cat
cat.4176.jpg,cats,cat
cat.4177.jpg,cats,dog
cat.4178.jpg,cats,dog
cat.4179.jpg,cats,dog
cat.4180.jpg,cats,cat
cat.4181.jpg,cats,dog
cat.4182.jpg,cats,cat
cat.4183.jpg,cats,cat
cat.4184.jpg,cats,cat
cat.4185.jpg,cats,cat
cat.4186.jpg,cats,cat
cat.4187.jpg,cats,cat
cat.4188.jpg,cats,dog
cat.4189.jpg,cats,cat
cat.4190.jpg,cats,cat
cat.4191.jpg,cats,cat
cat.4192.jpg,cats,dog
cat.4193.jpg,cats,dog
cat.4194.jpg,cats,cat
cat.4195.jpg,cats,cat
cat.4196.jpg,cats,cat
cat.4197.jpg,cats,cat
cat.4198.jpg,cats,dog
cat.4199.jpg,cats,cat
cat.4200.jpg,cats,cat
cat.4201.jpg,cats,cat
cat.4202.jpg,cats,cat
cat.4203.jpg,cats,cat
cat.4204.jpg,cats,cat
cat.4205.jpg,cats,cat
cat.4206.jpg,cats,cat
cat.4207.jpg,cats,dog
cat.4208.jpg,cats,dog
cat.4209.jpg,cats,cat
cat.4210.jpg,cats,cat
cat.4211.jpg,cats,cat
cat.4212.jpg,cats,cat
cat.4213.jpg,cats,dog
cat.4214.jpg,cats,cat
cat.4215.jpg,cats,cat
cat.4216.jpg,cats,cat
cat.4217.jpg,cats,cat
cat.4218.jpg,cats,cat
cat.4219.jpg,cats,cat
cat.4220.jpg,cats,dog
cat.4221.jpg,cats,dog
cat.4222.jpg,cats,dog
cat.4223.jpg,cats,cat
cat.4224.jpg,cats,cat
cat.4225.jpg,cats,cat
cat.4226.jpg,cats,dog
cat.4227.jpg,cats,dog
cat.4228.jpg,cats,cat
cat.4229.jpg,cats,cat
cat.4230.jpg,cats,dog
cat.4231.jpg,cats,cat
cat.4232.jpg,cats,cat
cat.4233.jpg,cats,cat
cat.4234.jpg,cats,dog
cat.4235.jpg,cats,cat
cat.4236.jpg,cats,cat
cat.4237.jpg,cats,cat
cat.4238.jpg,cats,dog
cat.4239.jpg,cats,cat
cat.4240.jpg,cats,dog
cat.4241.jpg,cats,cat
cat.4242.jpg,cats,cat
cat.4243.jpg,cats,dog
cat.4244.jpg,cats,cat
cat.4245.jpg,cats,cat
cat.4246.jpg,cats,cat
cat.4247.jpg,cats,cat
cat.4248.jpg,cats,dog
cat.4249.jpg,cats,dog
cat.4250.jpg,cats,cat
cat.4251.jpg,cats,cat
cat.4252.jpg,cats,cat
cat.4253.jpg,cats,cat
cat.4254.jpg,cats,cat
cat.4255.jpg,cats,cat
cat.4256.jpg,cats,cat
cat.4257.jpg,cats,dog
cat.4258.jpg,cats,dog
cat.4259.jpg,cats,cat
cat.4260.jpg,cats,dog
cat.4261.jpg,cats,cat
cat.4262.jpg,cats,cat
cat.4263.jpg,cats,cat
cat.4264.jpg,cats,cat
cat.4265.jpg,cats,dog
cat.4266.jpg,cats,cat
cat.4267.jpg,cats,dog
cat.4268.jpg,cats,dog
cat.4269.jpg,cats,cat
cat.4270.jpg,cats,cat
cat.4271.jpg,cats,cat
cat.4272.jpg,cats,cat
cat.4273.jpg,cats,cat
cat.4274.jpg,cats,cat
cat.4275.jpg,cats,cat
cat.4276.jpg,cats,cat
cat.4277.jpg,cats,cat
cat.4278.jpg,cats,cat
cat.4279.jpg,cats,cat
cat.4280.jpg,cats,cat
cat.4281.jpg,cats,dog
cat.4282.jpg,cats,cat
cat.4283.jpg,cats,dog
cat.4284.jpg,cats,cat
cat.4285.jpg,cats,dog
cat.4286.jpg,cats,cat
cat.4287.jpg,cats,cat
cat.4288.jpg,cats,dog
cat.4289.jpg,cats,dog
cat.4290.jpg,cats,cat
cat.4291.jpg,cats,dog
cat.4292.jpg,cats,cat
cat.4293.jpg,cats,cat
cat.4294.jpg,cats,cat
cat.4295.jpg,cats,cat
cat.4296.jpg,cats,dog
cat.4297.jpg,cats,dog
cat.4298.jpg,cats,dog
cat.4299.jpg,cats,cat
cat.4300.jpg,cats,cat
cat.4301.jpg,cats,cat
cat.4302.jpg,cats,dog
cat.4303.jpg,cats,cat
cat.4304.jpg,cats,cat
cat.4305.jpg,cats,cat
cat.4306.jpg,cats,cat
cat.4307.jpg,cats,cat
cat.4308.jpg,cats,dog
cat.4309.jpg,cats,dog
cat.4310.jpg,cats,cat
cat.4311.jpg,cats,cat
cat.4312.jpg,cats,cat
cat.4313.jpg,cats,cat
cat.4314.jpg,cats,cat
cat.4315.jpg,cats,cat
cat.4316.jpg,cats,dog
cat.4317.jpg,cats,dog
cat.4318.jpg,cats,dog
cat.4319.jpg,cats,cat
cat.4320.jpg,cats,dog
cat.4321.jpg,cats,cat
cat.4322.jpg,cats,cat
cat.4323.jpg,cats,cat
cat.4324.jpg,cats,cat
cat.4325.jpg,cats,dog
cat.4326.jpg,cats,cat
cat.4327.jpg,cats,cat
cat.4328.jpg,cats,dog
cat.4329.jpg,cats,dog
cat.4330.jpg,cats,dog
cat.4331.jpg,cats,cat
cat.4332.jpg,cats,cat
cat.4333.jpg,cats,cat
cat.4334.jpg,cats,dog
cat.4335.jpg,cats,cat
cat.4336.jpg,cats,cat
cat.4337.jpg,cats,cat
cat.4338.jpg,cats,dog
cat.4339.jpg,cats,cat
cat.4340.jpg,cats,cat
cat.4341.jpg,cats,cat
cat.4342.jpg,cats,cat
cat.4343.jpg,cats,cat
cat.4344.jpg,cats,cat
cat.4345.jpg,cats,dog
cat.4346.jpg,cats,dog
cat.4347.jpg,cats,cat
cat.4348.jpg,cats,dog
cat.4349.jpg,cats,cat
cat.4350.jpg,cats,cat
cat.4351.jpg,cats,dog
cat.4352.jpg,cats,cat
cat.4353.jpg,cats,cat
cat.4354.jpg,cats,cat
cat.4355.jpg,cats,cat
cat.4356.jpg,cats,cat
cat.4357.jpg,cats,dog
cat.4358.jpg,cats,dog
cat.4359.jpg,cats,cat
cat.4360.jpg,cats,dog
cat.4361.jpg,cats,cat
cat.4362.jpg,cats,cat
cat.4363.jpg,cats,cat
cat.4364.jpg,cats,dog
cat.4365.jpg,cats,dog
cat.4366.jpg,cats,cat
cat.4367.jpg,cats,cat
cat.4368.jpg,cats,cat
cat.4369.jpg,cats,cat
cat.4370.jpg,cats,dog
cat.4371.jpg,cats,cat
cat.4372.jpg,cats,dog
cat.4373.jpg,cats,cat
cat.4374.jpg,cats,dog
cat.4375.jpg,cats,dog
cat.4376.jpg,cats,cat
cat.4377.jpg,cats,cat
cat.4378.jpg,cats,dog
cat.4379.jpg,cats,dog
cat.4380.jpg,cats,dog
cat.4381.jpg,cats,cat
cat.4382.jpg,cats,cat
cat.4383.jpg,cats,dog
cat.4384.jpg,cats,cat
cat.4385.jpg,cats,cat
cat.4386.jpg,cats,cat
cat.4387.jpg,cats,cat
cat.4388.jpg,cats,cat
cat.4389.jpg,cats,cat
cat.4390.jpg,cats,cat
cat.4391.jpg,cats,dog
cat.4392.jpg,cats,cat
cat.4393.jpg,cats,cat
cat.4394.jpg,cats,dog
cat.4395.jpg,cats,cat
cat.4396.jpg,cats,cat
cat.4397.jpg,cats,cat
cat.4398.jpg,cats,cat
cat.4399.jpg,cats,cat
cat.4400.jpg,cats,cat
cat.4401.jpg,cats,dog
cat.4402.jpg,cats,cat
cat.4403.jpg,cats,dog
cat.4404.jpg,cats,dog
cat.4405.jpg,cats,cat
cat.4406.jpg,cats,cat
cat.4407.jpg,cats,cat
cat.4408.jpg,cats,cat
cat.4409.jpg,cats,cat
cat.4410.jpg,cats,dog
cat.4411.jpg,cats,cat
cat.4412.jpg,cats,dog
cat.4413.jpg,cats,cat
cat.4414.jpg,cats,cat
cat.4415.jpg,cats,dog
cat.4416.jpg,cats,dog
cat.4417.jpg,cats,dog
cat.4418.jpg,cats,cat
cat.4419.jpg,cats,cat
cat.4420.jpg,cats,cat
cat.4421.jpg,cats,cat
cat.4422.jpg,cats,dog
cat.4423.jpg,cats,dog
cat.4424.jpg,cats,cat
cat.4425.jpg,cats,cat
cat.4426.jpg,cats,dog
cat.4427.jpg,cats,cat
cat.4428.jpg,cats,cat
cat.4429.jpg,cats,cat
cat.4430.jpg,cats,dog
cat.4431.jpg,cats,cat
cat.4432.jpg,cats,dog
cat.4433.jpg,cats,cat
cat.4434.jpg,cats,cat
cat.4435.jpg,cats,dog
cat.4436.jpg,cats,cat
cat.4437.jpg,cats,cat
cat.4438.jpg,cats,cat
cat.4439.jpg,cats,cat
cat.4440.jpg,cats,dog
cat.4441.jpg,cats,dog
cat.4442.jpg,cats,cat
cat.4443.jpg,cats,cat
cat.4444.jpg,cats,cat
cat.4445.jpg,cats,dog
cat.4446.jpg,cats,cat
cat.4447.jpg,cats,cat
cat.4448.jpg,cats,dog
cat.4449.jpg,cats,dog
cat.4450.jpg,cats,cat
cat.4451.jpg,cats,dog
cat.4452.jpg,cats,cat
cat.4453.jpg,cats,cat
cat.4454.jpg,cats,cat
cat.4455.jpg,cats,cat
cat.4456.jpg,cats,dog
cat.4457.jpg,cats,dog
cat.4458.jpg,cats,cat
cat.4459.jpg,cats,dog
cat.4460.jpg,cats,cat
cat.4461.jpg,cats,cat
cat.4462.jpg,cats,dog
cat.4463.jpg,cats,dog
cat.4464.jpg,cats,dog
cat.4465.jpg,cats,cat
cat.4466.jpg,cats,cat
cat.4467.jpg,cats,cat
cat.4468.jpg,cats,dog
cat.4469.jpg,cats,dog
cat.4470.jpg,cats,cat
cat.4471.jpg,cats,cat
cat.4472.jpg,cats,cat
cat.4473.jpg,cats,cat
cat.4474.jpg,cats,dog
cat.4475.jpg,cats,cat
cat.4476.jpg,cats,cat
cat.4477.jpg,cats,cat
cat.4478.jpg,cats,dog
cat.4479.jpg,cats,cat
cat.4480.jpg,cats,dog
cat.4481.jpg,cats,dog
cat.4482.jpg,cats,cat
cat.4483.jpg,cats,dog
cat.4484.jpg,cats,cat
cat.4485.jpg,cats,cat
cat.4486.jpg,cats,dog
cat.4487.jpg,cats,cat
cat.4488.jpg,cats,cat
cat.4489.jpg,cats,dog
cat.4490.jpg,cats,cat
cat.4491.jpg,cats,cat
cat.4492.jpg,cats,dog
cat.4493.jpg,cats,cat
cat.4494.jpg,cats,cat
cat.4495.jpg,cats,cat
cat.4496.jpg,cats,cat
cat.4497.jpg,cats,cat
cat.4498.jpg,cats,cat
cat.4499.jpg,cats,dog
cat.4500.jpg,cats,cat
cat.4501.jpg,cats,dog
cat.4502.jpg,cats,dog
cat.4503.jpg,cats,cat
cat.4504.jpg,cats,dog
cat.4505.jpg,cats,cat
cat.4506.jpg,cats,cat
cat.4507.jpg,cats,cat
cat.4508.jpg,cats,dog
cat.4509.jpg,cats,cat
cat.4510.jpg,cats,dog
cat.4511.jpg,cats,cat
cat.4512.jpg,cats,cat
cat.4513.jpg,cats,dog
cat.4514.jpg,cats,cat
cat.4515.jpg,cats,cat
cat.4516.jpg,cats,dog
cat.4517.jpg,cats,cat
cat.4518.jpg,cats,dog
cat.4519.jpg,cats,cat
cat.4520.jpg,cats,cat
cat.4521.jpg,cats,cat
cat.4522.jpg,cats,cat
cat.4523.jpg,cats,cat
cat.4524.jpg,cats,dog
cat.4525.jpg,cats,cat
cat.4526.jpg,cats,cat
cat.4527.jpg,cats,cat
cat.4528.jpg,cats,dog
cat.4529.jpg,cats,cat
cat.4530.jpg,cats,dog
cat.4531.jpg,cats,cat
cat.4532.jpg,cats,cat
cat.4533.jpg,cats,dog
cat.4534.jpg,cats,cat
cat.4535.jpg,cats,dog
cat.4536.jpg,cats,cat
cat.4537.jpg,cats,cat
cat.4538.jpg,cats,cat
cat.4539.jpg,cats,cat
cat.4540.jpg,cats,cat
cat.4541.jpg,cats,dog
cat.4542.jpg,cats,dog
cat.4543.jpg,cats,dog
cat.4544.jpg,cats,cat
cat.4545.jpg,cats,cat
cat.4546.jpg,cats,cat
cat.4547.jpg,cats,cat
cat.4548.jpg,cats,cat
cat.4549.jpg,cats,cat
cat.4550.jpg,cats,cat
cat.4551.jpg,cats,dog
cat.4552.jpg,cats,cat
cat.4553.jpg,cats,cat
cat.4554.jpg,cats,dog
cat.4555.jpg,cats,cat
cat.4556.jpg,cats,dog
cat.4557.jpg,cats,dog
cat.4558.jpg,cats,cat
cat.4559.jpg,cats,cat
cat.4560.jpg,cats,cat
cat.4561.jpg,cats,cat
cat.4562.jpg,cats,dog
cat.4563.jpg,cats,cat
cat.4564.jpg,cats,dog
cat.4565.jpg,cats,dog
cat.4566.jpg,cats,cat
cat.4567.jpg,cats,dog
cat.4568.jpg,cats,cat
cat.4569.jpg,cats,cat
cat.4570.jpg,cats,dog
cat.4571.jpg,cats,dog
cat.4572.jpg,cats,dog
cat.4573.jpg,cats,cat
cat.4574.jpg,cats,dog
cat.4575.jpg,cats,cat
cat.4576.jpg,cats,dog
cat.4577.jpg,cats,cat
cat.4578.jpg,cats,cat
cat.4579.jpg,cats,cat
cat.4580.jpg,cats,cat
cat.4581.jpg,cats,dog
cat.4582.jpg,cats,cat
cat.4583.jpg,cats,cat
cat.4584.jpg,cats,cat
cat.4585.jpg,cats,cat
cat.4586.jpg,cats,cat
cat.4587.jpg,cats,cat
cat.4588.jpg,cats,cat
cat.4589.jpg,cats,cat
cat.4590.jpg,cats,cat
cat.4591.jpg,cats,cat
cat.4592.jpg,cats,dog
cat.4593.jpg,cats,cat
cat.4594.jpg,cats,dog
cat.4595.jpg,cats,dog
cat.4596.jpg,cats,cat
cat.4597.jpg,cats,dog
cat.4598.jpg,cats,dog
cat.4599.jpg,cats,cat
cat.4600.jpg,cats,cat
cat.4601.jpg,cats,cat
cat.4602.jpg,cats,cat
cat.4603.jpg,cats,dog
cat.4604.jpg,cats,cat
cat.4605.jpg,cats,dog
cat.4606.jpg,cats,cat
cat.4607.jpg,cats,cat
cat.4608.jpg,cats,dog
cat.4609.jpg,cats,dog
cat.4610.jpg,cats,cat
cat.4611.jpg,cats,cat
cat.4612.jpg,cats,cat
cat.4613.jpg,cats,cat
cat.4614.jpg,cats,cat
cat.4615.jpg,cats,dog
cat.4616.jpg,cats,cat
cat.4617.jpg,cats,cat
cat.4618.jpg,cats,cat
cat.4619.jpg,cats,cat
cat.4620.jpg,cats,cat
cat.4621.jpg,cats,cat
cat.4622.jpg,cats,dog
cat.4623.jpg,cats,cat
cat.4624.jpg,cats,cat
cat.4625.jpg,cats,cat
cat.4626.jpg,cats,cat
cat.4627.jpg,cats,cat
cat.4628.jpg,cats,cat
cat.4629.jpg,cats,cat
cat.4630.jpg,cats,cat
cat.4631.jpg,cats,cat
cat.4632.jpg,cats,cat
cat.4633.jpg,cats,dog
cat.4634.jpg,cats,cat
cat.4635.jpg,cats,cat
cat.4636.jpg,cats,cat
cat.4637.jpg,cats,dog
cat.4638.jpg,cats,cat
cat.4639.jpg,cats,dog
cat.4640.jpg,cats,cat
cat.4641.jpg,cats,dog
cat.4642.jpg,cats,cat
cat.4643.jpg,cats,dog
cat.4644.jpg,cats,cat
cat.4645.jpg,cats,cat
cat.4646.jpg,cats,cat
cat.4647.jpg,cats,cat
cat.4648.jpg,cats,cat
cat.4649.jpg,cats,dog
cat.4650.jpg,cats,dog
cat.4651.jpg,cats,cat
cat.4652.jpg,cats,cat
cat.4653.jpg,cats,cat
cat.4654.jpg,cats,cat
cat.4655.jpg,cats,dog
cat.4656.jpg,cats,cat
cat.4657.jpg,cats,cat
cat.4658.jpg,cats,cat
cat.4659.jpg,cats,dog
cat.4660.jpg,cats,dog
cat.4661.jpg,cats,dog
cat.4662.jpg,cats,cat
cat.4663.jpg,cats,cat
cat.4664.jpg,cats,dog
cat.4665.jpg,cats,cat
cat.4666.jpg,cats,cat
cat.4667.jpg,cats,cat
cat.4668.jpg,cats,dog
cat.4669.jpg,cats,cat
cat.4670.jpg,cats,cat
cat.4671.jpg,cats,dog
cat.4672.jpg,cats,cat
cat.4673.jpg,cats,dog
cat.4674.jpg,cats,cat
cat.4675.jpg,cats,cat
cat.4676.jpg,cats,cat
cat.4677.jpg,cats,cat
cat.4678.jpg,cats,cat
cat.4679.jpg,cats,cat
cat.4680.jpg,cats,cat
cat.4681.jpg,cats,cat
cat.4682.jpg,cats,cat
cat.4683.jpg,cats,dog
cat.4684.jpg,cats,dog
cat.4685.jpg,cats,dog
cat.4686.jpg,cats,cat
cat.4687.jpg,cats,cat
cat.4688.jpg,cats,dog
cat.4689.jpg,cats,cat
cat.4690.jpg,cats,dog
cat.4691.jpg,cats,dog
cat.4692.jpg,cats,cat
cat.4693.jpg,cats,cat
cat.4694.jpg,cats,cat
cat.4695.jpg,cats,cat
cat.4696.jpg,cats,dog
cat.4697.jpg,cats,cat
cat.4698.jpg,cats,cat
cat.4699.jpg,cats,dog
cat.4700.jpg,cats,cat
cat.4701.jpg,cats,cat
cat.4702.jpg,cats,cat
cat.4703.jpg,cats,cat
cat.4704.jpg,cats,cat
cat.4705.jpg,cats,dog
cat.4706.jpg,cats,dog
cat.4707.jpg,cats,cat
cat.4708.jpg,cats,cat
cat.4709.jpg,cats,cat
cat.4710.jpg,cats,cat
cat.4711.jpg,cats,cat
cat.4712.jpg,cats,cat
cat.4713.jpg,cats,dog
cat.4714.jpg,cats,cat
cat.4715.jpg,cats,dog
cat.4716.jpg,cats,cat
cat.4717.jpg,cats,dog
cat.4718.jpg,cats,cat
cat.4719.jpg,cats,dog
cat.4720.jpg,cats,cat
cat.4721.jpg,cats,cat
cat.4722.jpg,cats,cat
cat.4723.jpg,cats,cat
cat.4724.jpg,cats,dog
cat.4725.jpg,cats,cat
cat.4726.jpg,cats,dog
cat.4727.jpg,cats,cat
cat.4728.jpg,cats,dog
cat.4729.jpg,cats,cat
cat.4730.jpg,cats,dog
cat.4731.jpg,cats,cat
cat.4732.jpg,cats,cat
cat.4733.jpg,cats,cat
cat.4734.jpg,cats,cat
cat.4735.jpg,cats,dog
cat.4736.jpg,cats,cat
cat.4737.jpg,cats,cat
cat.4738.jpg,cats,dog
cat.4739.jpg,cats,dog
cat.4740.jpg,cats,cat
cat.4741.jpg,cats,dog
cat.4742.jpg,cats,cat
cat.4743.jpg,cats,cat
cat.4744.jpg,cats,cat
cat.4745.jpg,cats,cat
cat.4746.jpg,cats,dog
cat.4747.jpg,cats,cat
cat.4748.jpg,cats,cat
cat.4749.jpg,cats,dog
cat.4750.jpg,cats,dog
cat.4751.jpg,cats,cat
cat.4752.jpg,cats,cat
cat.4753.jpg,cats,cat
cat.4754.jpg,cats,cat
cat.4755.jpg,cats,dog
cat.4756.jpg,cats,cat
cat.4757.jpg,cats,cat
cat.4758.jpg,cats,cat
cat.4759.jpg,cats,cat
cat.4760.jpg,cats,dog
cat.4761.jpg,cats,cat
cat.4762.jpg,cats,cat
cat.4763.jpg,cats,cat
cat.4764.jpg,cats,cat
cat.4765.jpg,cats,dog
cat.4766.jpg,cats,cat
cat.4767.jpg,cats,dog
cat.4768.jpg,cats,dog
cat.4769.jpg,cats,cat
cat.4770.jpg,cats,cat
cat.4771.jpg,cats,cat
cat.4772.jpg,cats,dog
cat.4773.jpg,cats,cat
cat.4774.jpg,cats,dog
cat.4775.jpg,cats,dog
cat.4776.jpg,cats,dog
cat.4777.jpg,cats,cat
cat.4778.jpg,cats,dog
cat.4779.jpg,cats,cat
cat.4780.jpg,cats,cat
cat.4781.jpg,cats,cat
cat.4782.jpg,cats,cat
cat.4783.jpg,cats,dog
cat.4784.jpg,cats,cat
cat.4785.jpg,cats,cat
cat.4786.jpg,cats,dog
cat.4787.jpg,cats,dog
cat.4788.jpg,cats,cat
cat.4789.jpg,cats,dog
cat.4790.jpg,cats,dog
cat.4791.jpg,cats,dog
cat.4792.jpg,cats,dog
cat.4793.jpg,cats,dog
cat.4794.jpg,cats,cat
cat.4795.jpg,cats,cat
cat.4796.jpg,cats,cat
cat.4797.jpg,cats,dog
cat.4798.jpg,cats,dog
cat.4799.jpg,cats,dog
cat.4800.jpg,cats,dog
cat.4801.jpg,cats,cat
cat.4802.jpg,cats,dog
cat.4803.jpg,cats,cat
cat.4804.jpg,cats,cat
cat.4805.jpg,cats,dog
cat.4806.jpg,cats,cat
cat.4807.jpg,cats,cat
cat.4808.jpg,cats,cat
cat.4809.jpg,cats,cat
cat.4810.jpg,cats,cat
cat.4811.jpg,cats,cat
cat.4812.jpg,cats,cat
cat.4813.jpg,cats,cat
cat.4814.jpg,cats,cat
cat.4815.jpg,cats,cat
cat.4816.jpg,cats,cat
cat.4817.jpg,cats,cat
cat.4818.jpg,cats,dog
cat.4819.jpg,cats,dog
cat.4820.jpg,cats,cat
cat.4821.jpg,cats,cat
cat.4822.jpg,cats,cat
cat.4823.jpg,cats,cat
cat.4824.jpg,cats,cat
cat.4825.jpg,cats,cat
cat.4826.jpg,cats,cat
cat.4827.jpg,cats,cat
cat.4828.jpg,cats,dog
cat.4829.jpg,cats,dog
cat.4830.jpg,cats,cat
cat.4831.jpg,cats,cat
cat.4832.jpg,cats,dog
cat.4833.jpg,cats,cat
cat.4834.jpg,cats,cat
cat.4835.jpg,cats,dog
cat.4836.jpg,cats,cat
cat.4837.jpg,cats,cat
cat.4838.jpg,cats,cat
cat.4839.jpg,cats,cat
cat.4840.jpg,cats,cat
cat.4841.jpg,cats,cat
cat.4842.jpg,cats,cat
cat.4843.jpg,cats,cat
cat.4844.jpg,cats,dog
cat.4845.jpg,cats,dog
cat.4846.jpg,cats,cat
cat.4847.jpg,cats,cat
cat.4848.jpg,cats,dog
cat.4849.jpg,cats,cat
cat.4850.jpg,cats,cat
cat.4851.jpg,cats,cat
cat.4852.jpg,cats,dog
cat.4853.jpg,cats,cat
cat.4854.jpg,cats,dog
cat.4855.jpg,cats,cat
cat.4856.jpg,cats,cat
cat.4857.jpg,cats,dog
cat.4858.jpg,cats,dog
cat.4859.jpg,cats,cat
cat.4860.jpg,cats,dog
cat.4861.jpg,cats,dog
cat.4862.jpg,cats,cat
cat.4863.jpg,cats,dog
cat.4864.jpg,cats,cat
cat.4865.jpg,cats,cat
cat.4866.jpg,cats,cat
cat.4867.jpg,cats,cat
cat.4868.jpg,cats,cat
cat.4869.jpg,cats,cat
cat.4870.jpg,cats,dog
cat.4871.jpg,cats,dog
cat.4872.jpg,cats,cat
cat.4873.jpg,cats,cat
cat.4874.jpg,cats,cat
cat.4875.jpg,cats,dog
cat.4876.jpg,cats,cat
cat.4877.jpg,cats,cat
cat.4878.jpg,cats,dog
cat.4879.jpg,cats,dog
cat.4880.jpg,cats,cat
cat.4881.jpg,cats,cat
cat.4882.jpg,cats,cat
cat.4883.jpg,cats,cat
cat.4884.jpg,cats,cat
cat.4885.jpg,cats,cat
cat.4886.jpg,cats,cat
cat.4887.jpg,cats,cat
cat.4888.jpg,cats,dog
cat.4889.jpg,cats,dog
cat.4890.jpg,cats,cat
cat.4891.jpg,cats,cat
cat.4892.jpg,cats,cat
cat.4893.jpg,cats,cat
cat.4894.jpg,cats,cat
cat.4895.jpg,cats,cat
cat.4896.jpg,cats,dog
cat.4897.jpg,cats,cat
cat.4898.jpg,cats,cat
cat.4899.jpg,cats,dog
cat.4900.jpg,cats,cat
cat.4901.jpg,cats,dog
cat.4902.jpg,cats,dog
cat.4903.jpg,cats,cat
cat.4904.jpg,cats,cat
cat.4905.jpg,cats,dog
cat.4906.jpg,cats,dog
cat.4907.jpg,cats,dog
cat.4908.jpg,cats,cat
cat.4909.jpg,cats,cat
cat.4910.jpg,cats,cat
cat.4911.jpg,cats,cat
cat.4912.jpg,cats,cat
cat.4913.jpg,cats,cat
cat.4914.jpg,cats,dog
cat.4915.jpg,cats,cat
cat.4916.jpg,cats,cat
cat.4917.jpg,cats,dog
cat.4918.jpg,cats,dog
cat.4919.jpg,cats,cat
cat.4920.jpg,cats,dog
cat.4921.jpg,cats,cat
cat.4922.jpg,cats,cat
cat.4923.jpg,cats,dog
cat.4924.jpg,cats,cat
cat.4925.jpg,cats,cat
cat.4926.jpg,cats,cat
cat.4927.jpg,cats,cat
cat.4928.jpg,cats,dog
cat.4929.jpg,cats,dog
cat.4930.jpg,cats,dog
cat.4931.jpg,cats,cat
cat.4932.jpg,cats,cat
cat.4933.jpg,cats,dog
cat.4934.jpg,cats,dog
cat.4935.jpg,cats,dog
cat.4936.jpg,cats,cat
cat.4937.jpg,cats,dog
cat.4938.jpg,cats,cat
cat.4939.jpg,cats,dog
cat.4940.jpg,cats,cat
cat.4941.jpg,cats,cat
cat.4942.jpg,cats,cat
cat.4943.jpg,cats,cat
cat.4944.jpg,cats,cat
cat.4945.jpg,cats,cat
cat.4946.jpg,cats,cat
cat.4947.jpg,cats,dog
cat.4948.jpg,cats,dog
cat.4949.jpg,cats,cat
cat.4950.jpg,cats,dog
cat.4951.jpg,cats,cat
cat.4952.jpg,cats,cat
cat.4953.jpg,cats,dog
cat.4954.jpg,cats,cat
cat.4955.jpg,cats,cat
cat.4956.jpg,cats,cat
cat.4957.jpg,cats,cat
cat.4958.jpg,cats,cat
cat.4959.jpg,cats,dog
cat.4960.jpg,cats,cat
cat.4961.jpg,cats,cat
cat.4962.jpg,cats,dog
cat.4963.jpg,cats,cat
cat.4964.jpg,cats,dog
cat.4965.jpg,cats,dog
cat.4966.jpg,cats,cat
cat.4967.jpg,cats,cat
cat.4968.jpg,cats,dog
cat.4969.jpg,cats,cat
cat.4970.jpg,cats,dog
cat.4971.jpg,cats,cat
cat.4972.jpg,cats,cat
cat.4973.jpg,cats,cat
cat.4974.jpg,cats,cat
cat.4975.jpg,cats,cat
cat.4976.jpg,cats,cat
cat.4977.jpg,cats,cat
cat.4978.jpg,cats,cat
cat.4979.jpg,cats,cat
cat.4980.jpg,cats,cat
cat.4981.jpg,cats,cat
cat.4982.jpg,cats,cat
cat.4983.jpg,cats,dog
cat.4984.jpg,cats,dog
cat.4985.jpg,cats,cat
cat.4986.jpg,cats,cat
cat.4987.jpg,cats,cat
cat.4988.jpg,cats,cat
cat.4989.jpg,cats,cat
cat.4990.jpg,cats,dog
cat.4991.jpg,cats,cat
cat.4992.jpg,cats,cat
cat.4993.jpg,cats,cat
cat.4994.jpg,cats,cat
cat.4995.jpg,cats,cat
cat.4996.jpg,cats,dog
cat.4997.jpg,cats,cat
cat.4998.jpg,cats,cat
cat.4999.jpg,cats,cat
cat.5000.jpg,cats,cat
dog.4001.jpg,dogs,dog
dog.4002.jpg,dogs,cat
dog.4003.jpg,dogs,dog
dog.4004.jpg,dogs,dog
dog.4005.jpg,dogs,cat
dog.4006.jpg,dogs,dog
dog.4007.jpg,dogs,dog
dog.4008.jpg,dogs,dog
dog.4009.jpg,dogs,dog
dog.4010.jpg,dogs,cat
dog.4011.jpg,dogs,dog
dog.4012.jpg,dogs,dog
dog.4013.jpg,dogs,dog
dog.4014.jpg,dogs,cat
dog.4015.jpg,dogs,cat
dog.4016.jpg,dogs,dog
dog.4017.jpg,dogs,dog
dog.4018.jpg,dogs,dog
dog.4019.jpg,dogs,cat
dog.4020.jpg,dogs,cat
dog.4021.jpg,dogs,cat
dog.4022.jpg,dogs,dog
dog.4023.jpg,dogs,dog
dog.4024.jpg,dogs,cat
dog.4025.jpg,dogs,dog
dog.4026.jpg,dogs,dog
dog.4027.jpg,dogs,dog
dog.4028.jpg,dogs,cat
dog.4029.jpg,dogs,dog
dog.4030.jpg,dogs,dog
dog.4031.jpg,dogs,cat
dog.4032.jpg,dogs,dog
dog.4033.jpg,dogs,cat
dog.4034.jpg,dogs,cat
dog.4035.jpg,dogs,dog
dog.4036.jpg,dogs,dog
dog.4037.jpg,dogs,dog
dog.4038.jpg,dogs,dog
dog.4039.jpg,dogs,dog
dog.4040.jpg,dogs,dog
dog.4041.jpg,dogs,cat
dog.4042.jpg,dogs,dog
dog.4043.jpg,dogs,cat
dog.4044.jpg,dogs,cat
dog.4045.jpg,dogs,dog
dog.4046.jpg,dogs,cat
dog.4047.jpg,dogs,dog
dog.4048.jpg,dogs,dog
dog.4049.jpg,dogs,dog
dog.4050.jpg,dogs,cat
dog.4051.jpg,dogs,dog
dog.4052.jpg,dogs,dog
dog.4053.jpg,dogs,dog
dog.4054.jpg,dogs,cat
dog.4055.jpg,dogs,dog
dog.4056.jpg,dogs,cat
dog.4057.jpg,dogs,cat
dog.4058.jpg,dogs,dog
dog.4059.jpg,dogs,dog
dog.4060.jpg,dogs,cat
dog.4061.jpg,dogs,dog
dog.4062.jpg,dogs,dog
dog.4063.jpg,dogs,cat
dog.4064.jpg,dogs,dog
dog.4065.jpg,dogs,dog
dog.4066.jpg,dogs,cat
dog.4067.jpg,dogs,cat
dog.4068.jpg,dogs,dog
dog.4069.jpg,dogs,cat
dog.4070.jpg,dogs,dog
dog.4071.jpg,dogs,cat
dog.4072.jpg,dogs,dog
dog.4073.jpg,dogs,dog
dog.4074.jpg,dogs,dog
dog.4075.jpg,dogs,cat
dog.4076.jpg,dogs,dog
dog.4077.jpg,dogs,cat
dog.4078.jpg,dogs,cat
dog.4079.jpg,dogs,dog
dog.4080.jpg,dogs,cat
dog.4081.jpg,dogs,cat
dog.4082.jpg,dogs,cat
dog.4083.jpg,dogs,cat
dog.4084.jpg,dogs,dog
dog.4085.jpg,dogs,dog
dog.4086.jpg,dogs,dog
dog.4087.jpg,dogs,dog
dog.4088.jpg,dogs,dog
dog.4089.jpg,dogs,dog
dog.4090.jpg,dogs,cat
dog.4091.jpg,dogs,dog
dog.4092.jpg,dogs,dog
dog.4093.jpg,dogs,dog
dog.4094.jpg,dogs,dog
dog.4095.jpg,dogs,dog
dog.4096.jpg,dogs,dog
dog.4097.jpg,dogs,cat
dog.4098.jpg,dogs,cat
dog.4099.jpg,dogs,dog
dog.4100.jpg,dogs,cat
dog.4101.jpg,dogs,dog
dog.4102.jpg,dogs,dog
dog.4103.jpg,dogs,cat
dog.4104.jpg,dogs,dog
dog.4105.jpg,dogs,dog
dog.4106.jpg,dogs,cat
dog.4107.jpg,dogs,dog
dog.4108.jpg,dogs,dog
dog.4109.jpg,dogs,dog
dog.4110.jpg,dogs,dog
dog.4111.jpg,dogs,dog
dog.4112.jpg,dogs,cat
dog.4113.jpg,dogs,dog
dog.4114.jpg,dogs,cat
dog.4115.jpg,dogs,dog
dog.4116.jpg,dogs,dog
dog.4117.jpg,dogs,cat
dog.4118.jpg,dogs,dog
dog.4119.jpg,dogs,dog
dog.4120.jpg,dogs,dog
dog.4121.jpg,dogs,dog
dog.4122.jpg,dogs,cat
dog.4123.jpg,dogs,cat
dog.4124.jpg,dogs,cat
dog.4125.jpg,dogs,dog
dog.4126.jpg,dogs,dog
dog.4127.jpg,dogs,cat
dog.4128.jpg,dogs,dog
dog.4129.jpg,dogs,dog
dog.4130.jpg,dogs,dog
dog.4131.jpg,dogs,dog
dog.4132.jpg,dogs,dog
dog.4133.jpg,dogs,dog
dog.4134.jpg,dogs,dog
dog.4135.jpg,dogs,cat
dog.4136.jpg,dogs,dog
dog.4137.jpg,dogs,dog
dog.4138.jpg,dogs,cat
dog.4139.jpg,dogs,dog
dog.4140.jpg,dogs,dog
dog.4141.jpg,dogs,dog
dog.4142.jpg,dogs,dog
dog.4143.jpg,dogs,cat
dog.4144.jpg,dogs,dog
dog.4145.jpg,dogs,dog
dog.4146.jpg,dogs,dog
dog.4147.jpg,dogs,dog
dog.4148.jpg,dogs,dog
dog.4149.jpg,dogs,dog
dog.4150.jpg,dogs,cat
dog.4151.jpg,dogs,dog
dog.4152.jpg,dogs,dog
dog.4153.jpg,dogs,cat
dog.4154.jpg,dogs,cat
dog.4155.jpg,dogs,dog
dog.4156.jpg,dogs,dog
dog.4157.jpg,dogs,cat
dog.4158.jpg,dogs,dog
dog.4159.jpg,dogs,cat
dog.4160.jpg,dogs,dog
dog.4161.jpg,dogs,cat
dog.4162.jpg,dogs,dog
dog.4163.jpg,dogs,dog
dog.4164.jpg,dogs,dog
dog.4165.jpg,dogs,cat
dog.4166.jpg,dogs,dog
dog.4167.jpg,dogs,dog
dog.4168.jpg,dogs,dog
dog.4169.jpg,dogs,dog
dog.4170.jpg,dogs,dog
dog.4171.jpg,dogs,cat
dog.4172.jpg,dogs,cat
dog.4173.jpg,dogs,dog
dog.4174.jpg,dogs,dog
dog.4175.jpg,dogs,dog
dog.4176.jpg,dogs,dog
dog.4177.jpg,dogs,dog
dog.4178.jpg,dogs,dog
dog.4179.jpg,dogs,dog
dog.4180.jpg,dogs,cat
dog.4181.jpg,dogs,dog
dog.4182.jpg,dogs,cat
dog.4183.jpg,dogs,cat
dog.4184.jpg,dogs,dog
dog.4185.jpg,dogs,cat
dog.4186.jpg,dogs,dog
dog.4187.jpg,dogs,dog
dog.4188.jpg,dogs,dog
dog.4189.jpg,dogs,dog
dog.4190.jpg,dogs,cat
dog.4191.jpg,dogs,cat
dog.4192.jpg,dogs,dog
dog.4193.jpg,dogs,dog
dog.4194.jpg,dogs,dog
dog.4195.jpg,dogs,dog
dog.4196.jpg,dogs,dog
dog.4197.jpg,dogs,dog
dog.4198.jpg,dogs,dog
dog.4199.jpg,dogs,dog
dog.4200.jpg,dogs,cat
dog.4201.jpg,dogs,dog
dog.4202.jpg,dogs,dog
dog.4203.jpg,dogs,dog
dog.4204.jpg,dogs,dog
dog.4205.jpg,dogs,dog
dog.4206.jpg,dogs,dog
dog.4207.jpg,dogs,cat
dog.4208.jpg,dogs,dog
dog.4209.jpg,dogs,dog
dog.4210.jpg,dogs,dog
dog.4211.jpg,dogs,dog
dog.4212.jpg,dogs,dog
dog.4213.jpg,dogs,cat
dog.4214.jpg,dogs,dog
dog.4215.jpg,dogs,cat
dog.4216.jpg,dogs,dog
dog.4217.jpg,dogs,dog
dog.4218.jpg,dogs,cat
dog.4219.jpg,dogs,dog
dog.4220.jpg,dogs,dog
dog.4221.jpg,dogs,dog
dog.4222.jpg,dogs,cat
dog.4223.jpg,dogs,dog
dog.4224.jpg,dogs,cat
dog.4225.jpg,dogs,dog
dog.4226.jpg,dogs,dog
dog.4227.jpg,dogs,dog
dog.4228.jpg,dogs,dog
dog.4229.jpg,dogs,cat
dog.4230.jpg,dogs,dog
dog.4231.jpg,dogs,dog
dog.4232.jpg,dogs,cat
dog.4233.jpg,dogs,dog
dog.4234.jpg,dogs,dog
dog.4235.jpg,dogs,cat
dog.4236.jpg,dogs,dog
dog.4237.jpg,dogs,dog
dog.4238.jpg,dogs,dog
dog.4239.jpg,dogs,dog
dog.4240.jpg,dogs,dog
dog.4241.jpg,dogs,dog
dog.4242.jpg,dogs,dog
dog.4243.jpg,dogs,dog
dog.4244.jpg,dogs,dog
dog.4245.jpg,dogs,dog
dog.4246.jpg,dogs,dog
dog.4247.jpg,dogs,cat
dog.4248.jpg,dogs,dog
dog.4249.jpg,dogs,dog
dog.4250.jpg,dogs,dog
dog.4251.jpg,dogs,cat
dog.4252.jpg,dogs,dog
dog.4253.jpg,dogs,dog
dog.4254.jpg,dogs,cat
dog.4255.jpg,dogs,dog
dog.4256.jpg,dogs,dog
dog.4257.jpg,dogs,dog
dog.4258.jpg,dogs,dog
dog.4259.jpg,dogs,cat
dog.4260.jpg,dogs,dog
dog.4261.jpg,dogs,dog
dog.4262.jpg,dogs,dog
dog.4263.jpg,dogs,dog
dog.4264.jpg,dogs,dog
dog.4265.jpg,dogs,dog
dog.4266.jpg,dogs,dog
dog.4267.jpg,dogs,dog
dog.4268.jpg,dogs,dog
dog.4269.jpg,dogs,cat
dog.4270.jpg,dogs,dog
dog.4271.jpg,dogs,dog
dog.4272.jpg,dogs,dog
dog.4273.jpg,dogs,dog
dog.4274.jpg,dogs,cat
dog.4275.jpg,dogs,cat
dog.4276.jpg,dogs,dog
dog.4277.jpg,dogs,dog
dog.4278.jpg,dogs,dog
dog.4279.jpg,dogs,cat
dog.4280.jpg,dogs,cat
dog.4281.jpg,dogs,dog
dog.4282.jpg,dogs,cat
dog.4283.jpg,dogs,dog
dog.4284.jpg,dogs,dog
dog.4285.jpg,dogs,dog
dog.4286.jpg,dogs,dog
dog.4287.jpg,dogs,cat
dog.4288.jpg,dogs,cat
dog.4289.jpg,dogs,dog
dog.4290.jpg,dogs,dog
dog.4291.jpg,dogs,dog
dog.4292.jpg,dogs,dog
dog.4293.jpg,dogs,cat
dog.4294.jpg,dogs,cat
dog.4295.jpg,dogs,cat
dog.4296.jpg,dogs,dog
dog.4297.jpg,dogs,cat
dog.4298.jpg,dogs,dog
dog.4299.jpg,dogs,dog
dog.4300.jpg,dogs,dog
dog.4301.jpg,dogs,cat
dog.4302.jpg,dogs,dog
dog.4303.jpg,dogs,cat
dog.4304.jpg,dogs,cat
dog.4305.jpg,dogs,dog
dog.4306.jpg,dogs,cat
dog.4307.jpg,dogs,dog
dog.4308.jpg,dogs,dog
dog.4309.jpg,dogs,cat
dog.4310.jpg,dogs,dog
dog.4311.jpg,dogs,cat
dog.4312.jpg,dogs,dog
dog.4313.jpg,dogs,dog
dog.4314.jpg,dogs,dog
dog.4315.jpg,dogs,dog
dog.4316.jpg,dogs,dog
dog.4317.jpg,dogs,dog
dog.4318.jpg,dogs,dog
dog.4319.jpg,dogs,dog
dog.4320.jpg,dogs,cat
dog.4321.jpg,dogs,cat
dog.4322.jpg,dogs,dog
dog.4323.jpg,dogs,dog
dog.4324.jpg,dogs,dog
dog.4325.jpg,dogs,dog
dog.4326.jpg,dogs,dog
dog.4327.jpg,dogs,dog
dog.4328.jpg,dogs,dog
dog.4329.jpg,dogs,dog
dog.4330.jpg,dogs,dog
dog.4331.jpg,dogs,dog
dog.4332.jpg,dogs,cat
dog.4333.jpg,dogs,dog
dog.4334.jpg,dogs,dog
dog.4335.jpg,dogs,cat
dog.4336.jpg,dogs,dog
dog.4337.jpg,dogs,dog
dog.4338.jpg,dogs,dog
dog.4339.jpg,dogs,cat
dog.4340.jpg,dogs,cat
dog.4341.jpg,dogs,dog
dog.4342.jpg,dogs,dog
dog.4343.jpg,dogs,cat
dog.4344.jpg,dogs,dog
dog.4345.jpg,dogs,cat
dog.4346.jpg,dogs,dog
dog.4347.jpg,dogs,dog
dog.4348.jpg,dogs,dog
dog.4349.jpg,dogs,dog
dog.4350.jpg,dogs,dog
dog.4351.jpg,dogs,dog
dog.4352.jpg,dogs,dog
dog.4353.jpg,dogs,dog
dog.4354.jpg,dogs,dog
dog.4355.jpg,dogs,cat
dog.4356.jpg,dogs,dog
dog.4357.jpg,dogs,cat
dog.4358.jpg,dogs,cat
dog.4359.jpg,dogs,dog
dog.4360.jpg,dogs,cat
dog.4361.jpg,dogs,cat
dog.4362.jpg,dogs,dog
dog.4363.jpg,dogs,dog
dog.4364.jpg,dogs,dog
dog.4365.jpg,dogs,dog
dog.4366.jpg,dogs,dog
dog.4367.jpg,dogs,cat
dog.4368.jpg,dogs,cat
dog.4369.jpg,dogs,dog
dog.4370.jpg,dogs,cat
dog.4371.jpg,dogs,cat
dog.4372.jpg,dogs,dog
dog.4373.jpg,dogs,dog
dog.4374.jpg,dogs,dog
dog.4375.jpg,dogs,cat
dog.4376.jpg,dogs,dog
dog.4377.jpg,dogs,dog
dog.4378.jpg,dogs,dog
dog.4379.jpg,dogs,dog
dog.4380.jpg,dogs,cat
dog.4381.jpg,dogs,dog
dog.4382.jpg,dogs,dog
dog.4383.jpg,dogs,dog
dog.4384.jpg,dogs,dog
dog.4385.jpg,dogs,dog
dog.4386.jpg,dogs,dog
dog.4387.jpg,dogs,cat
dog.4388.jpg,dogs,cat
dog.4389.jpg,dogs,dog
dog.4390.jpg,dogs,dog
dog.4391.jpg,dogs,cat
dog.4392.jpg,dogs,dog
dog.4393.jpg,dogs,cat
dog.4394.jpg,dogs,cat
dog.4395.jpg,dogs,dog
dog.4396.jpg,dogs,dog
dog.4397.jpg,dogs,dog
dog.4398.jpg,dogs,cat
dog.4399.jpg,dogs,dog
dog.4400.jpg,dogs,dog
dog.4401.jpg,dogs,dog
dog.4402.jpg,dogs,dog
dog.4403.jpg,dogs,dog
dog.4404.jpg,dogs,dog
dog.4405.jpg,dogs,dog
dog.4406.jpg,dogs,dog
dog.4407.jpg,dogs,cat
dog.4408.jpg,dogs,dog
dog.4409.jpg,dogs,cat
dog.4410.jpg,dogs,dog
dog.4411.jpg,dogs,dog
dog.4412.jpg,dogs,cat
dog.4413.jpg,dogs,dog
dog.4414.jpg,dogs,dog
dog.4415.jpg,dogs,dog
dog.4416.jpg,dogs,dog
dog.4417.jpg,dogs,cat
dog.4418.jpg,dogs,dog
dog.4419.jpg,dogs,dog
dog.4420.jpg,dogs,dog
dog.4421.jpg,dogs,cat
dog.4422.jpg,dogs,cat
dog.4423.jpg,dogs,cat
dog.4424.jpg,dogs,cat
dog.4425.jpg,dogs,cat
dog.4426.jpg,dogs,dog
dog.4427.jpg,dogs,cat
dog.4428.jpg,dogs,dog
dog.4429.jpg,dogs,dog
dog.4430.jpg,dogs,dog
dog.4431.jpg,dogs,dog
dog.4432.jpg,dogs,dog
dog.4433.jpg,dogs,dog
dog.4434.jpg,dogs,dog
dog.4435.jpg,dogs,cat
dog.4436.jpg,dogs,cat
dog.4437.jpg,dogs,dog
dog.4438.jpg,dogs,dog
dog.4439.jpg,dogs,dog
dog.4440.jpg,dogs,dog
dog.4441.jpg,dogs,cat
dog.4442.jpg,dogs,dog
dog.4443.jpg,dogs,dog
dog.4444.jpg,dogs,dog
dog.4445.jpg,dogs,dog
dog.4446.jpg,dogs,cat
dog.4447.jpg,dogs,cat
dog.4448.jpg,dogs,cat
dog.4449.jpg,dogs,dog
dog.4450.jpg,dogs,cat
dog.4451.jpg,dogs,dog
dog.4452.jpg,dogs,cat
dog.4453.jpg,dogs,dog
dog.4454.jpg,dogs,cat
dog.4455.jpg,dogs,dog
dog.4456.jpg,dogs,cat
dog.4457.jpg,dogs,cat
dog.4458.jpg,dogs,dog
dog.4459.jpg,dogs,dog
dog.4460.jpg,dogs,dog
dog.4461.jpg,dogs,dog
dog.4462.jpg,dogs,dog
dog.4463.jpg,dogs,cat
dog.4464.jpg,dogs,cat
dog.4465.jpg,dogs,dog
dog.4466.jpg,dogs,cat
dog.4467.jpg,dogs,cat
dog.4468.jpg,dogs,cat
dog.4469.jpg,dogs,dog
dog.4470.jpg,dogs,cat
dog.4471.jpg,dogs,cat
dog.4472.jpg,dogs,dog
dog.4473.jpg,dogs,dog
dog.4474.jpg,dogs,cat
dog.4475.jpg,dogs,dog
dog.4476.jpg,dogs,cat
dog.4477.jpg,dogs,dog
dog.4478.jpg,dogs,dog
dog.4479.jpg,dogs,cat
dog.4480.jpg,dogs,dog
dog.4481.jpg,dogs,cat
dog.4482.jpg,dogs,cat
dog.4483.jpg,dogs,cat
dog.4484.jpg,dogs,cat
dog.4485.jpg,dogs,cat
dog.4486.jpg,dogs,cat
dog.4487.jpg,dogs,cat
dog.4488.jpg,dogs,dog
dog.4489.jpg,dogs,dog
dog.4490.jpg,dogs,dog
dog.4491.jpg,dogs,dog
dog.4492.jpg,dogs,dog
dog.4493.jpg,dogs,dog
dog.4494.jpg,dogs,dog
dog.4495.jpg,dogs,dog
dog.4496.jpg,dogs,cat
dog.4497.jpg,dogs,dog
dog.4498.jpg,dogs,dog
dog.4499.jpg,dogs,cat
dog.4500.jpg,dogs,cat
dog.4501.jpg,dogs,cat
dog.4502.jpg,dogs,cat
dog.4503.jpg,dogs,dog
dog.4504.jpg,dogs,dog
dog.4505.jpg,dogs,dog
dog.4506.jpg,dogs,dog
dog.4507.jpg,dogs,cat
dog.4508.jpg,dogs,cat
dog.4509.jpg,dogs,dog
dog.4510.jpg,dogs,dog
dog.4511.jpg,dogs,dog
dog.4512.jpg,dogs,cat
dog.4513.jpg,dogs,dog
dog.4514.jpg,dogs,dog
dog.4515.jpg,dogs,cat
dog.4516.jpg,dogs,dog
dog.4517.jpg,dogs,dog
dog.4518.jpg,dogs,dog
dog.4519.jpg,dogs,dog
dog.4520.jpg,dogs,dog
dog.4521.jpg,dogs,dog
dog.4522.jpg,dogs,dog
dog.4523.jpg,dogs,dog
dog.4524.jpg,dogs,dog
dog.4525.jpg,dogs,dog
dog.4526.jpg,dogs,cat
dog.4527.jpg,dogs,cat
dog.4528.jpg,dogs,dog
dog.4529.jpg,dogs,cat
dog.4530.jpg,dogs,dog
dog.4531.jpg,dogs,cat
dog.4532.jpg,dogs,cat
dog.4533.jpg,dogs,dog
dog.4534.jpg,dogs,dog
dog.4535.jpg,dogs,dog
dog.4536.jpg,dogs,dog
dog.4537.jpg,dogs,cat
dog.4538.jpg,dogs,cat
dog.4539.jpg,dogs,dog
dog.4540.jpg,dogs,dog
dog.4541.jpg,dogs,dog
dog.4542.jpg,dogs,dog
dog.4543.jpg,dogs,dog
dog.4544.jpg,dogs,cat
dog.4545.jpg,dogs,cat
dog.4546.jpg,dogs,cat
dog.4547.jpg,dogs,dog
dog.4548.jpg,dogs,dog
dog.4549.jpg,dogs,cat
dog.4550.jpg,dogs,cat
dog.4551.jpg,dogs,dog
dog.4552.jpg,dogs,dog
dog.4553.jpg,dogs,dog
dog.4554.jpg,dogs,dog
dog.4555.jpg,dogs,dog
dog.4556.jpg,dogs,dog
dog.4557.jpg,dogs,dog
dog.4558.jpg,dogs,cat
dog.4559.jpg,dogs,dog
dog.4560.jpg,dogs,dog
dog.4561.jpg,dogs,dog
dog.4562.jpg,dogs,dog
dog.4563.jpg,dogs,dog
dog.4564.jpg,dogs,dog
dog.4565.jpg,dogs,cat
dog.4566.jpg,dogs,dog
dog.4567.jpg,dogs,dog
dog.4568.jpg,dogs,dog
dog.4569.jpg,dogs,dog
dog.4570.jpg,dogs,cat
dog.4571.jpg,dogs,dog
dog.4572.jpg,dogs,dog
dog.4573.jpg,dogs,dog
dog.4574.jpg,dogs,cat
dog.4575.jpg,dogs,cat
dog.4576.jpg,dogs,dog
dog.4577.jpg,dogs,dog
dog.4578.jpg,dogs,cat
dog.4579.jpg,dogs,dog
dog.4580.jpg,dogs,dog
dog.4581.jpg,dogs,cat
dog.4582.jpg,dogs,dog
dog.4583.jpg,dogs,dog
dog.4584.jpg,dogs,dog
dog.4585.jpg,dogs,dog
dog.4586.jpg,dogs,dog
dog.4587.jpg,dogs,dog
dog.4588.jpg,dogs,dog
dog.4589.jpg,dogs,dog
dog.4590.jpg,dogs,dog
dog.4591.jpg,dogs,dog
dog.4592.jpg,dogs,dog
dog.4593.jpg,dogs,dog
dog.4594.jpg,dogs,dog
dog.4595.jpg,dogs,dog
dog.4596.jpg,dogs,dog
dog.4597.jpg,dogs,dog
dog.4598.jpg,dogs,dog
dog.4599.jpg,dogs,cat
dog.4600.jpg,dogs,dog
dog.4601.jpg,dogs,dog
dog.4602.jpg,dogs,dog
dog.4603.jpg,dogs,dog
dog.4604.jpg,dogs,dog
dog.4605.jpg,dogs,dog
dog.4606.jpg,dogs,dog
dog.4607.jpg,dogs,dog
dog.4608.jpg,dogs,dog
dog.4609.jpg,dogs,dog
dog.4610.jpg,dogs,dog
dog.4611.jpg,dogs,cat
dog.4612.jpg,dogs,cat
dog.4613.jpg,dogs,cat
dog.4614.jpg,dogs,dog
dog.4615.jpg,dogs,cat
dog.4616.jpg,dogs,dog
dog.4617.jpg,dogs,dog
dog.4618.jpg,dogs,dog
dog.4619.jpg,dogs,dog
dog.4620.jpg,dogs,cat
dog.4621.jpg,dogs,dog
dog.4622.jpg,dogs,dog
dog.4623.jpg,dogs,dog
dog.4624.jpg,dogs,cat
dog.4625.jpg,dogs,dog
dog.4626.jpg,dogs,cat
dog.4627.jpg,dogs,dog
dog.4628.jpg,dogs,dog
dog.4629.jpg,dogs,dog
dog.4630.jpg,dogs,dog
dog.4631.jpg,dogs,dog
dog.4632.jpg,dogs,dog
dog.4633.jpg,dogs,cat
dog.4634.jpg,dogs,cat
dog.4635.jpg,dogs,cat
dog.4636.jpg,dogs,cat
dog.4637.jpg,dogs,cat
dog.4638.jpg,dogs,dog
dog.4639.jpg,dogs,cat
dog.4640.jpg,dogs,dog
dog.4641.jpg,dogs,cat
dog.4642.jpg,dogs,dog
dog.4643.jpg,dogs,dog
dog.4644.jpg,dogs,dog
dog.4645.jpg,dogs,dog
dog.4646.jpg,dogs,cat
dog.4647.jpg,dogs,dog
dog.4648.jpg,dogs,dog
dog.4649.jpg,dogs,dog
dog.4650.jpg,dogs,dog
dog.4651.jpg,dogs,dog
dog.4652.jpg,dogs,dog
dog.4653.jpg,dogs,cat
dog.4654.jpg,dogs,cat
dog.4655.jpg,dogs,dog
dog.4656.jpg,dogs,dog
dog.4657.jpg,dogs,dog
dog.4658.jpg,dogs,dog
dog.4659.jpg,dogs,cat
dog.4660.jpg,dogs,cat
dog.4661.jpg,dogs,dog
dog.4662.jpg,dogs,dog
dog.4663.jpg,dogs,dog
dog.4664.jpg,dogs,dog
dog.4665.jpg,dogs,dog
dog.4666.jpg,dogs,cat
dog.4667.jpg,dogs,dog
dog.4668.jpg,dogs,dog
dog.4669.jpg,dogs,cat
dog.4670.jpg,dogs,dog
dog.4671.jpg,dogs,dog
dog.4672.jpg,dogs,dog
dog.4673.jpg,dogs,dog
dog.4674.jpg,dogs,dog
dog.4675.jpg,dogs,cat
dog.4676.jpg,dogs,dog
dog.4677.jpg,dogs,dog
dog.4678.jpg,dogs,dog
dog.4679.jpg,dogs,dog
dog.4680.jpg,dogs,dog
dog.4681.jpg,dogs,dog
dog.4682.jpg,dogs,cat
dog.4683.jpg,dogs,cat
dog.4684.jpg,dogs,dog
dog.4685.jpg,dogs,dog
dog.4686.jpg,dogs,dog
dog.4687.jpg,dogs,cat
dog.4688.jpg,dogs,dog
dog.4689.jpg,dogs,cat
dog.4690.jpg,dogs,cat
dog.4691.jpg,dogs,dog
dog.4692.jpg,dogs,cat
dog.4693.jpg,dogs,dog
dog.4694.jpg,dogs,cat
dog.4695.jpg,dogs,cat
dog.4696.jpg,dogs,dog
dog.4697.jpg,dogs,cat
dog.4698.jpg,dogs,dog
dog.4699.jpg,dogs,cat
dog.4700.jpg,dogs,dog
dog.4701.jpg,dogs,cat
dog.4702.jpg,dogs,dog
dog.4703.jpg,dogs,dog
dog.4704.jpg,dogs,dog
dog.4705.jpg,dogs,cat
dog.4706.jpg,dogs,dog
dog.4707.jpg,dogs,cat
dog.4708.jpg,dogs,cat
dog.4709.jpg,dogs,dog
dog.4710.jpg,dogs,dog
dog.4711.jpg,dogs,dog
dog.4712.jpg,dogs,dog
dog.4713.jpg,dogs,dog
dog.4714.jpg,dogs,cat
dog.4715.jpg,dogs,dog
dog.4716.jpg,dogs,cat
dog.4717.jpg,dogs,dog
dog.4718.jpg,dogs,dog
dog.4719.jpg,dogs,dog
dog.4720.jpg,dogs,cat
dog.4721.jpg,dogs,dog
dog.4722.jpg,dogs,cat
dog.4723.jpg,dogs,dog
dog.4724.jpg,dogs,dog
dog.4725.jpg,dogs,cat
dog.4726.jpg,dogs,cat
dog.4727.jpg,dogs,cat
dog.4728.jpg,dogs,dog
dog.4729.jpg,dogs,cat
dog.4730.jpg,dogs,cat
dog.4731.jpg,dogs,cat
dog.4732.jpg,dogs,cat
dog.4733.jpg,dogs,dog
dog.4734.jpg,dogs,cat
dog.4735.jpg,dogs,dog
dog.4736.jpg,dogs,cat
dog.4737.jpg,dogs,dog
dog.4738.jpg,dogs,dog
dog.4739.jpg,dogs,dog
dog.4740.jpg,dogs,dog
dog.4741.jpg,dogs,cat
dog.4742.jpg,dogs,cat
dog.4743.jpg,dogs,cat
dog.4744.jpg,dogs,cat
dog.4745.jpg,dogs,cat
dog.4746.jpg,dogs,dog
dog.4747.jpg,dogs,dog
dog.4748.jpg,dogs,cat
dog.4749.jpg,dogs,dog
dog.4750.jpg,dogs,cat
dog.4751.jpg,dogs,dog
dog.4752.jpg,dogs,dog
dog.4753.jpg,dogs,dog
dog.4754.jpg,dogs,dog
dog.4755.jpg,dogs,cat
dog.4756.jpg,dogs,dog
dog.4757.jpg,dogs,cat
dog.4758.jpg,dogs,cat
dog.4759.jpg,dogs,cat
dog.4760.jpg,dogs,dog
dog.4761.jpg,dogs,cat
dog.4762.jpg,dogs,cat
dog.4763.jpg,dogs,dog
dog.4764.jpg,dogs,dog
dog.4765.jpg,dogs,dog
dog.4766.jpg,dogs,cat
dog.4767.jpg,dogs,cat
dog.4768.jpg,dogs,dog
dog.4769.jpg,dogs,dog
dog.4770.jpg,dogs,dog
dog.4771.jpg,dogs,dog
dog.4772.jpg,dogs,dog
dog.4773.jpg,dogs,dog
dog.4774.jpg,dogs,cat
dog.4775.jpg,dogs,dog
dog.4776.jpg,dogs,dog
dog.4777.jpg,dogs,dog
dog.4778.jpg,dogs,cat
dog.4779.jpg,dogs,dog
dog.4780.jpg,dogs,dog
dog.4781.jpg,dogs,dog
dog.4782.jpg,dogs,dog
dog.4783.jpg,dogs,dog
dog.4784.jpg,dogs,dog
dog.4785.jpg,dogs,dog
dog.4786.jpg,dogs,dog
dog.4787.jpg,dogs,dog
dog.4788.jpg,dogs,dog
dog.4789.jpg,dogs,cat
dog.4790.jpg,dogs,cat
dog.4791.jpg,dogs,dog
dog.4792.jpg,dogs,dog
dog.4793.jpg,dogs,dog
dog.4794.jpg,dogs,dog
dog.4795.jpg,dogs,dog
dog.4796.jpg,dogs,cat
dog.4797.jpg,dogs,dog
dog.4798.jpg,dogs,cat
dog.4799.jpg,dogs,dog
dog.4800.jpg,dogs,cat
dog.4801.jpg,dogs,dog
dog.4802.jpg,dogs,cat
dog.4803.jpg,dogs,dog
dog.4804.jpg,dogs,cat
dog.4805.jpg,dogs,dog
dog.4806.jpg,dogs,cat
dog.4807.jpg,dogs,dog
dog.4808.jpg,dogs,dog
dog.4809.jpg,dogs,dog
dog.4810.jpg,dogs,cat
dog.4811.jpg,dogs,dog
dog.4812.jpg,dogs,dog
dog.4813.jpg,dogs,cat
dog.4814.jpg,dogs,dog
dog.4815.jpg,dogs,dog
dog.4816.jpg,dogs,dog
dog.4817.jpg,dogs,dog
dog.4818.jpg,dogs,dog
dog.4819.jpg,dogs,cat
dog.4820.jpg,dogs,dog
dog.4821.jpg,dogs,dog
dog.4822.jpg,dogs,cat
dog.4823.jpg,dogs,dog
dog.4824.jpg,dogs,dog
dog.4825.jpg,dogs,cat
dog.4826.jpg,dogs,dog
dog.4827.jpg,dogs,dog
dog.4828.jpg,dogs,dog
dog.4829.jpg,dogs,dog
dog.4830.jpg,dogs,dog
dog.4831.jpg,dogs,dog
dog.4832.jpg,dogs,cat
dog.4833.jpg,dogs,dog
dog.4834.jpg,dogs,cat
dog.4835.jpg,dogs,dog
dog.4836.jpg,dogs,cat
dog.4837.jpg,dogs,cat
dog.4838.jpg,dogs,dog
dog.4839.jpg,dogs,dog
dog.4840.jpg,dogs,dog
dog.4841.jpg,dogs,dog
dog.4842.jpg,dogs,dog
dog.4843.jpg,dogs,dog
dog.4844.jpg,dogs,cat
dog.4845.jpg,dogs,dog
dog.4846.jpg,dogs,dog
dog.4847.jpg,dogs,dog
dog.4848.jpg,dogs,cat
dog.4849.jpg,dogs,dog
dog.4850.jpg,dogs,dog
dog.4851.jpg,dogs,cat
dog.4852.jpg,dogs,dog
dog.4853.jpg,dogs,dog
dog.4854.jpg,dogs,dog
dog.4855.jpg,dogs,cat
dog.4856.jpg,dogs,dog
dog.4857.jpg,dogs,dog
dog.4858.jpg,dogs,cat
dog.4859.jpg,dogs,dog
dog.4860.jpg,dogs,cat
dog.4861.jpg,dogs,dog
dog.4862.jpg,dogs,dog
dog.4863.jpg,dogs,dog
dog.4864.jpg,dogs,cat
dog.4865.jpg,dogs,dog
dog.4866.jpg,dogs,cat
dog.4867.jpg,dogs,dog
dog.4868.jpg,dogs,dog
dog.4869.jpg,dogs,dog
dog.4870.jpg,dogs,dog
dog.4871.jpg,dogs,cat
dog.4872.jpg,dogs,dog
dog.4873.jpg,dogs,dog
dog.4874.jpg,dogs,dog
dog.4875.jpg,dogs,dog
dog.4876.jpg,dogs,dog
dog.4877.jpg,dogs,cat
dog.4878.jpg,dogs,dog
dog.4879.jpg,dogs,cat
dog.4880.jpg,dogs,dog
dog.4881.jpg,dogs,cat
dog.4882.jpg,dogs,dog
dog.4883.jpg,dogs,dog
dog.4884.jpg,dogs,dog
dog.4885.jpg,dogs,cat
dog.4886.jpg,dogs,dog
dog.4887.jpg,dogs,dog
dog.4888.jpg,dogs,dog
dog.4889.jpg,dogs,cat
dog.4890.jpg,dogs,cat
dog.4891.jpg,dogs,dog
dog.4892.jpg,dogs,dog
dog.4893.jpg,dogs,cat
dog.4894.jpg,dogs,dog
dog.4895.jpg,dogs,cat
dog.4896.jpg,dogs,cat
dog.4897.jpg,dogs,dog
dog.4898.jpg,dogs,dog
dog.4899.jpg,dogs,cat
dog.4900.jpg,dogs,dog
dog.4901.jpg,dogs,dog
dog.4902.jpg,dogs,dog
dog.4903.jpg,dogs,dog
dog.4904.jpg,dogs,dog
dog.4905.jpg,dogs,dog
dog.4906.jpg,dogs,dog
dog.4907.jpg,dogs,dog
dog.4908.jpg,dogs,cat
dog.4909.jpg,dogs,cat
dog.4910.jpg,dogs,cat
dog.4911.jpg,dogs,cat
dog.4912.jpg,dogs,cat
dog.4913.jpg,dogs,dog
dog.4914.jpg,dogs,cat
dog.4915.jpg,dogs,dog
dog.4916.jpg,dogs,dog
dog.4917.jpg,dogs,dog
dog.4918.jpg,dogs,dog
dog.4919.jpg,dogs,dog
dog.4920.jpg,dogs,dog
dog.4921.jpg,dogs,dog
dog.4922.jpg,dogs,dog
dog.4923.jpg,dogs,dog
dog.4924.jpg,dogs,cat
dog.4925.jpg,dogs,cat
dog.4926.jpg,dogs,cat
dog.4927.jpg,dogs,cat
dog.4928.jpg,dogs,cat
dog.4929.jpg,dogs,dog
dog.4930.jpg,dogs,cat
dog.4931.jpg,dogs,dog
dog.4932.jpg,dogs,dog
dog.4933.jpg,dogs,dog
dog.4934.jpg,dogs,dog
dog.4935.jpg,dogs,dog
dog.4936.jpg,dogs,dog
dog.4937.jpg,dogs,dog
dog.4938.jpg,dogs,dog
dog.4939.jpg,dogs,cat
dog.4940.jpg,dogs,dog
dog.4941.jpg,dogs,dog
dog.4942.jpg,dogs,dog
dog.4943.jpg,dogs,cat
dog.4944.jpg,dogs,cat
dog.4945.jpg,dogs,dog
dog.4946.jpg,dogs,dog
dog.4947.jpg,dogs,dog
dog.4948.jpg,dogs,dog
dog.4949.jpg,dogs,dog
dog.4950.jpg,dogs,dog
dog.4951.jpg,dogs,dog
dog.4952.jpg,dogs,dog
dog.4953.jpg,dogs,cat
dog.4954.jpg,dogs,dog
dog.4955.jpg,dogs,dog
dog.4956.jpg,dogs,cat
dog.4957.jpg,dogs,cat
dog.4958.jpg,dogs,dog
dog.4959.jpg,dogs,dog
dog.4960.jpg,dogs,dog
dog.4961.jpg,dogs,dog
dog.4962.jpg,dogs,dog
dog.4963.jpg,dogs,cat
dog.4964.jpg,dogs,cat
dog.4965.jpg,dogs,dog
dog.4966.jpg,dogs,dog
dog.4967.jpg,dogs,dog
dog.4968.jpg,dogs,dog
dog.4969.jpg,dogs,dog
dog.4970.jpg,dogs,dog
dog.4971.jpg,dogs,dog
dog.4972.jpg,dogs,dog
dog.4973.jpg,dogs,dog
dog.4974.jpg,dogs,dog
dog.4975.jpg,dogs,cat
dog.4976.jpg,dogs,cat
dog.4977.jpg,dogs,dog
dog.4978.jpg,dogs,dog
dog.4979.jpg,dogs,dog
dog.4980.jpg,dogs,cat
dog.4981.jpg,dogs,dog
dog.4982.jpg,dogs,dog
dog.4983.jpg,dogs,dog
dog.4984.jpg,dogs,dog
dog.4985.jpg,dogs,dog
dog.4986.jpg,dogs,dog
dog.4987.jpg,dogs,dog
dog.4988.jpg,dogs,cat
dog.4989.jpg,dogs,dog
dog.4990.jpg,dogs,cat
dog.4991.jpg,dogs,dog
dog.4992.jpg,dogs,dog
dog.4993.jpg,dogs,dog
dog.4994.jpg,dogs,dog
dog.4995.jpg,dogs,dog
dog.4996.jpg,dogs,dog
dog.4997.jpg,dogs,cat
dog.4998.jpg,dogs,cat
dog.4999.jpg,dogs,dog
dog.5000.jpg,dogs,dog
